workerid,anon_workerid
A2DXYZSG2E7HT0,0
A20SI2XSAHUXP4,1
A2ALCGZ1QWAMNO,2
A23OGMOKERQS5R,3
A32TDUN0P4QBRQ,4
AF3LEU0Z2EMH4,5
ADM83RXAAL9OP,6
A30CGO77OY7WP0,7
A1AZT1X95HPHM9,8
A15TLEMC9O4ZUD,9
A37YC7R1H04X9P,10
A3O9WZNVQSQC1S,11
A270JQUOEF9BUD,12
A3C81THYYSBGVD,13
A1N062RR11CYKP,14
A2HHFJZNO8V73E,15
A3D7N1ZQN91V8V,16
A2GPVEUY9Z5TJ9,17
ATE8OIQFEVD0T,18
A1FAQI6Q4WCS,19
A2PBFNLF653SMP,20
A8R3GU0O5ATFU,21
A1AU08RVBZOM7K,22
A1AYVATMT88U1W,23
AG1AEASBADMAD,24
A2RGDYBSWA09Q,25
A1KHJ8MO94KGI6,26
A1EXT8RDV32E2X,27
A37N9H4CKJKH1Q,28
A4TQSZDPARE7I,29
A2YWDJ41GY2QTD,30
AMFN57BJVYPPE,31
A33EMMB7FQS3O2,32
A1GH6Y49MYXPBX,33
AA9SBG7LNCG8Q,34
A3I4U67B71LARR,35
A1S2MN0E9BHPVA,36
A23442UHTO5VOI,37
ADM86YK28XDWH,38
AV27AM3JXSB19,39
A39G5S31C0697S,40
A3FBQV3DE249YE,41
A25J1XF62KBXFC,42
A21ZTGC93XE0L,43
A19AJ97UOOALX,44
AZE6S80FH2O1L,45
A1QWBLJIMF1A5V,46
A1QDMUI51EV5TG,47
A3BWB2PMOZY5MP,48
AJY5G987IRT25,49
A4VCRGDNRQVFM,50
AMWLYJEF5CY2X,51
A1GHWDVVSKV1V5,52
A2ZLTGCKWZ0P95,53
A1K1YOUOJ2P57H,54
A3V6XE43H0BFC9,55
A1PQWT8ZV8398L,56
AE3ZQZ2Z81Z11,57
A98QFUWNFJUS3,58
A1DYS2DI81OI16,59
A2KWNU6AERN3TG,60
A2J6S7QR4CGXTW,61
AHQTJ7T6YLSAB,62
A2NJK7IGTQEGOF,63
A1KHRQ121JTDF6,64
A1HNR6OIRFCEHS,65
A1JJL6NNMEV4B8,66
AT5FSN3F67A6F,67
A2B8L88BUHVOO6,68
A2ODGQWXTE658E,69
A29AVKCFZL9SCY,70
A2CSHSP9F44H7U,71
A2NWTHZJV8FR46,72
A1Q9SJY06JLVL4,73
A1LHXUS9E5ZUNK,74
ART2B51OIA2V3,75
AF772UQ9CKJ1U,76
ANPTDUX6LOGYY,77
A14YYON60PS1TD,78
A3U5GT3Y80BNAF,79
A34S6AHUQ7RWR,80
A14F22QXIGMF1T,81
A14Q93M3BYXYBX,82
A1Z0UR9VN6CB2W,83
A3LMA3YJDQUZP2,84
A2VZ39UXMP7MWL,85
A3GBW113TE26OB,86
A2ODZYV6RRJ7NJ,87
A18S747CLETRXM,88
A1FRC3EDS7LCNI,89
A27ODHA3747UVP,90
A369HDC6T90Q1H,91
A2N0TXGUDOHKKR,92
A3SCEKR5XEWDRU,93
AIP7X7SVZO8UD,94
A492DINSRPSH,95
A1ZAXY735T3CE,96
AVZYRN5G1ONGC,97
A1B4CPZOCK6WE,98
A3PJULJUIY8GQL,99
A25OSUXL5HQ85C,100
A2ZFTBJPSQX1GB,101
A2SCNPXHXLGYJJ,102
A3V5VQBKN6QTCC,103
AN7N56XWXCX45,104
A3P027SM8QINCK,105
A2CISHIOILFDHN,106
A24ONGL5NV8AAZ,107
A1NB6R47C9IZGG,108
A3FMKTC7QI8V0H,109
A2RRAETPUGMRCV,110
AUJ8IQTUW4MU3,111
A1UWA3CTJOW4VJ,112
A2NWOLESJX9658,113
A3BLISOL0U6H69,114
A223G40WHO5EAS,115
A1KN352NGGRV6T,116
A2FWCIEJCSGM7B,117
AZF4QMJ2UGW5O,118
A2KXUQP1HERQVA,119
A14XJ7ELI3RHE3,120
A1BF1W2XN5BWFQ,121
A3P0LQCNIXWOVJ,122
A21D59X0S014IK,123
A2J6B4O81C2U6R,124
A380I67HFR0VUF,125
A24A03BCD4TKWL,126
A1SWGSFIMZJQE,127
AXN0AGZIJCUK4,128
A2K5533ANU94U0,129
A2P5R40NOOZ4HJ,130
A3ARMV9X1U8A3K,131
A3L53E9DWXLJ0E,132
A3P3MHRJHO7TKV,133
AVMKEWY6WCB5I,134
A10Y4I2Z2DGF3V,135
A3LSKI2XM8MPEB,136
AHLCZ0XZ7M4UZ,137
A29XSBEHUDS8W2,138
A3OXVCZNR8WID5,139
A3QO5BNM45EYFO,140
AIPFFUZM62TZ4,141
AR41MSDMT8JSX,142
AMEO4HBYM9LDY,143
AUYQ097EMATW1,144
A29LPT1J3S44NM,145
A5OFQEYYD4Q5Q,146
A2MCPTOJ79IVD3,147
A1VHH2V330WFM7,148
A347XKYFBLBRN6,149
A2E2DZHX687DST,150
ALV4DAF8DIJ37,151
A25TAOB3WTE54M,152
A23I4Q2840WO8U,153
A17931MDJBACZ2,154
A2OBNDESU7RBVE,155
A2MSJVIM9M9T0L,156
A3NWO9ZQZ5BY5R,157
AKZZ5MQN7UQMJ,158
A2APH4S2VXLZO9,159
A3VWU0WEB2VD48,160
ATMD452KBHND8,161
APZQEJ9KPIZOC,162
AEACA7THUTQLQ,163
AMD5AS2ZWVTTK,164
AJJBSFC6NPUI6,165
A2DCY0ANVT2BAW,166
A1FY27ED6AZQSF,167
A28ASPVD77KILV,168
ABPVZWRD85OUC,169
A4X9Z8DZIW3,170
A3VZA2YUYAOE0K,171
AGUF6B4Q9991D,172
ACHZV6EH3HWTZ,173
A370UEGCN3MI1B,174
A182N7RLXGSCZG,175
AH3W6E7W1EU0D,176
A12RL3RZR4GC29,177
A174A7XI0JPJZG,178
ASQ9OUMCFT9F2,179
